bus,v_nom_kv,x,y,type
306025889,20.0,-0.6678157,38.0959953,load
306028620,0.4,-0.6601944,38.0909209,generator
306029050,20.0,-0.6578968,38.0866117,transit
306029053,0.4,-0.6608098,38.0906418,transit
306029055,0.4,-0.6615733,38.0916981,load
306029128,0.4,-0.6610438,38.0909656,generator
306029129,0.4,-0.6604072,38.09124,transit
311828493,0.4,-0.6639383,38.0999495,transit
311829263,0.4,-0.6663119,38.0978212,transit
311829271,0.4,-0.6643775,38.099752,transit
311830099,0.4,-0.6817272,38.1024841,generator
312074507,20.0,-0.6823926,38.0625433,transit
312245693,20.0,-0.6538624,38.0763213,generator
312248145,0.4,-0.6570135,38.0569402,load
317303841,0.4,-0.6581704,38.0881167,transit
317303842,0.4,-0.6587825,38.0878363,transit
317303843,0.4,-0.6594067,38.0875503,transit
317304126,0.4,-0.6604286,38.0889629,load
317304127,0.4,-0.6598009,38.089246,transit
317304165,0.4,-0.6585269,38.0863289,transit
317304903,20.0,-0.6549721,38.0680405,transit
317305276,20.0,-0.6549521,38.0660909,generator
317305278,0.4,-0.6549864,38.0653223,transit
317305296,0.4,-0.6525637,38.0647808,generator
317305298,0.4,-0.652646,38.0651154,generator
317305370,0.4,-0.6508664,38.0648957,load
317305371,0.4,-0.6515476,38.0646068,transit
317305373,0.4,-0.6526082,38.0636715,load
317305795,0.4,-0.6487535,38.0749628,load
317305998,0.4,-0.648701,38.0757563,generator
317306011,0.4,-0.6485599,38.0784656,transit
317306175,0.4,-0.6480112,38.0856239,transit
317306177,0.4,-0.648031,38.0843817,generator
317306179,0.4,-0.6481408,38.0828931,transit
317306181,0.4,-0.6482977,38.0815112,transit
317306189,0.4,-0.6485324,38.0790389,transit
317306216,0.4,-0.6494425,38.0856731,load
317306269,0.4,-0.6493754,38.0861218,transit
317306341,0.4,-0.6513278,38.085758,generator
317306406,0.4,-0.6512974,38.0861801,generator
317306407,0.4,-0.6509283,38.0861698,transit
317306906,0.4,-0.6490687,38.080251,transit
317306907,0.4,-0.6484369,38.0802221,transit
317313173,20.0,-0.6849475,38.0681059,transit
317313190,20.0,-0.6797515,38.0625176,generator
317314134,20.0,-0.6757679,38.0729299,transit
317316178,20.0,-0.6908669,38.0680805,load
321265523,0.4,-0.6834772,38.0607869,transit
321265524,0.4,-0.68342,38.0600547,transit
321265530,0.4,-0.6832772,38.0600593,transit
321265531,0.4,-0.6833488,38.060796,transit
321265634,0.4,-0.6833796,38.0595436,generator
321265636,0.4,-0.683216,38.0595587,transit
321265789,0.4,-0.6836661,38.0597854,transit
321265847,0.4,-0.6833195,38.0586065,generator
321265850,0.4,-0.6831544,38.0586209,transit
321265862,0.4,-0.6847151,38.0609971,transit
321266113,0.4,-0.6839365,38.0611375,transit
321266136,0.4,-0.6829751,38.0611997,generator
321266186,0.4,-0.683433,38.0573378,generator
321266236,0.4,-0.6775725,38.0566895,transit
321266238,0.4,-0.676616,38.0558775,transit
321266270,0.4,-0.6799384,38.0565307,transit
321266272,0.4,-0.6803572,38.0585874,transit
321266291,0.4,-0.6828835,38.058411,generator
321266294,0.4,-0.6783996,38.0576216,generator
321266307,0.4,-0.6835257,38.0583591,transit
321266396,0.4,-0.6865882,38.0568103,transit
321266407,0.4,-0.6849562,38.055826,transit
321266408,0.4,-0.6850424,38.0558857,transit
321266437,0.4,-0.6832422,38.0561833,transit
321266444,0.4,-0.6851725,38.0550295,load
321266445,0.4,-0.6850807,38.0550337,generator
321266451,0.4,-0.6832301,38.0560902,transit
321266456,0.4,-0.6851426,38.0546495,transit
321266457,0.4,-0.6850203,38.0532845,transit
321266467,0.4,-0.6849276,38.0532919,transit
321266468,0.4,-0.6850355,38.0546578,transit
321266487,0.4,-0.6849986,38.0529134,generator
321266512,0.4,-0.6848884,38.0529158,load
321266532,0.4,-0.6861515,38.0529378,transit
321266533,0.4,-0.6851837,38.0530479,generator
321266537,0.4,-0.6847067,38.053102,transit
321266544,0.4,-0.6834404,38.0533249,transit
321266545,0.4,-0.6847282,38.0531798,transit
321266550,0.4,-0.6851906,38.0531293,transit
321266587,0.4,-0.6861691,38.0530193,transit
321266775,0.4,-0.6830636,38.0563493,transit
321266797,0.4,-0.6829477,38.0563555,transit
321266826,0.4,-0.6827395,38.0562018,load
321266834,0.4,-0.6827375,38.0561192,generator
321266854,0.4,-0.6805545,38.055301,load
321266864,0.4,-0.6804634,38.0553052,transit
321266906,0.4,-0.6830142,38.0559564,transit
321267016,0.4,-0.6832377,38.0581159,load
321267017,0.4,-0.6832091,38.0576055,transit
321267078,0.4,-0.6830748,38.0576166,transit
321267079,0.4,-0.6831021,38.058127,generator
321267394,0.4,-0.6853571,38.0548219,transit
321267566,0.4,-0.6865308,38.0527534,load
321267809,0.4,-0.6863665,38.0530929,transit
321267823,0.4,-0.6779813,38.0554665,load
321267826,0.4,-0.6778461,38.0554499,generator
321268005,0.4,-0.6842054,38.0486301,load
321268209,0.4,-0.6768824,38.0503239,load
321268638,0.4,-0.6837693,38.0501263,transit
321268641,0.4,-0.6843643,38.0493175,generator
321268644,0.4,-0.6839517,38.0487444,generator
321268646,0.4,-0.683301,38.0485906,transit
321268844,0.4,-0.6761135,38.0534912,load
321268851,0.4,-0.6774183,38.0519353,load
321268975,0.4,-0.6805308,38.0548987,transit
321268976,0.4,-0.6804178,38.0536378,transit
321269008,0.4,-0.6802673,38.0536417,transit
321269010,0.4,-0.6804086,38.054908,transit
322884812,20.0,-0.6873596,38.0696183,load
322885013,20.0,-0.6680645,38.0882238,transit
322885403,0.4,-0.6722402,38.0882746,transit
322885405,0.4,-0.6697635,38.0885143,generator
327682191,20.0,-0.6531519,38.0734777,transit
327682207,20.0,-0.6541558,38.0660416,generator
327682326,0.4,-0.6502173,38.0778575,transit
327682334,0.4,-0.6485749,38.0779314,transit
327682592,0.4,-0.6498115,38.0793108,transit
327682595,0.4,-0.6492535,38.0792669,transit
327682647,0.4,-0.6523796,38.0799771,transit
327682649,0.4,-0.6531149,38.0799175,generator
327682839,0.4,-0.6517155,38.0800743,transit
327682983,0.4,-0.6514616,38.0839094,generator
327683227,0.4,-0.6495255,38.0850873,load
327683230,0.4,-0.6528925,38.0855846,transit
327683231,0.4,-0.6535108,38.085676,load
327683232,0.4,-0.6547467,38.0858613,transit
327683650,0.4,-0.6544567,38.0848106,transit
327683652,0.4,-0.651427,38.0844222,transit
327683726,0.4,-0.6548554,38.0869544,transit
327683959,0.4,-0.6562016,38.0928555,transit
327683961,0.4,-0.6557993,38.0910441,generator
327683962,0.4,-0.6554745,38.0896545,transit
327683963,0.4,-0.6550588,38.0878565,transit
327684166,0.4,-0.6552571,38.0929834,generator
327684168,0.4,-0.6565639,38.0928065,load
327684316,0.4,-0.6538205,38.0889583,generator
327684471,0.4,-0.6518447,38.0873733,load
327684473,0.4,-0.6534173,38.0871545,transit
327684476,0.4,-0.6555251,38.0868652,load
327684586,0.4,-0.6541477,38.0862522,transit
327684671,0.4,-0.6557133,38.0877614,transit
327684673,0.4,-0.6543469,38.0879486,generator
327688315,20.0,-0.6608751,38.1075599,generator
327690333,0.4,-0.6541659,38.0881545,generator
327690338,0.4,-0.6543264,38.0888863,generator
327690342,0.4,-0.6545331,38.089788,transit
327690361,0.4,-0.6569331,38.0947269,generator
327690919,0.4,-0.654083,38.0877985,transit
327690927,0.4,-0.6539629,38.0870739,generator
327690930,0.4,-0.6542393,38.0857837,transit
327692333,0.4,-0.6546325,38.0810144,transit
327692336,0.4,-0.6533123,38.0810814,generator
327692338,0.4,-0.6516459,38.0811333,load
327692758,0.4,-0.6540339,38.0822873,load
327692761,0.4,-0.6515742,38.0822169,load
327693805,0.4,-0.6540219,38.0898594,generator
327693807,0.4,-0.6536172,38.0880486,transit
327694456,0.4,-0.6521026,38.0882565,load
327694458,0.4,-0.6538937,38.0880106,transit
327695076,0.4,-0.6548655,38.0911815,generator
327695078,0.4,-0.6539215,38.0913203,load
327696855,0.4,-0.6559993,38.0891684,generator
327696879,0.4,-0.6594178,38.0898412,transit
327699268,20.0,-0.6560422,38.1062439,load
428964122,20.0,-0.666197,38.0957483,generator
428964124,20.0,-0.6664931,38.0959156,transit
428964126,20.0,-0.6667832,38.0958595,generator
428964133,20.0,-0.6669434,38.0955643,transit
428964146,20.0,-0.6663452,38.0953397,load
429383249,0.4,-0.6546089,38.0761929,transit
429383254,0.4,-0.6541732,38.076242,transit
429383258,0.4,-0.6546279,38.0766311,load
429383259,0.4,-0.6547494,38.0764977,transit
429383262,0.4,-0.6547572,38.0763595,generator
429648290,20.0,-0.6661539,38.0956099,generator
429648335,0.4,-0.6646611,38.0983531,load
429648387,0.4,-0.6657723,38.0981396,transit
429648392,0.4,-0.665489,38.0984912,generator
429648444,20.0,-0.6657479,38.0962266,transit
429648492,20.0,-0.6635876,38.0951046,generator
429648495,20.0,-0.6636375,38.0950723,transit
429648514,20.0,-0.6636958,38.0947524,transit
429648520,20.0,-0.6634846,38.0946161,generator
429648525,20.0,-0.6631523,38.0947041,transit
429648526,20.0,-0.6630989,38.0947624,transit
429648528,20.0,-0.6630754,38.0949574,generator
429648532,20.0,-0.6632177,38.0951079,transit
429648541,20.0,-0.6634148,38.0957504,transit
429648629,0.4,-0.6628519,38.0949102,transit
429648664,0.4,-0.6623443,38.095112,generator
429648675,0.4,-0.6614963,38.0951281,transit
429648683,0.4,-0.6610119,38.0952511,transit
429648689,0.4,-0.6620175,38.0950714,transit
429648692,0.4,-0.6619527,38.0950455,transit
429648697,0.4,-0.6616315,38.0950507,generator
429648710,0.4,-0.6614076,38.0954387,transit
429648715,0.4,-0.6615561,38.0956043,load
429648736,0.4,-0.6622024,38.0952835,transit
429648798,0.4,-0.6581195,38.0953415,transit
429648799,0.4,-0.6578572,38.095309,generator
429648800,0.4,-0.6575811,38.0952419,generator
429818240,0.4,-0.6528081,38.0881597,transit
429818241,0.4,-0.6531946,38.0881066,transit
429818245,0.4,-0.6567238,38.0953131,transit
429818246,0.4,-0.6565228,38.0954438,transit
429818247,0.4,-0.6551621,38.0962775,load
429818250,0.4,-0.6543795,38.0954463,transit
429818252,0.4,-0.6551838,38.0949405,generator
429818268,0.4,-0.6530149,38.0890589,transit
429818270,0.4,-0.6533981,38.0890166,transit
429818273,0.4,-0.6548553,38.0888122,transit
429818278,0.4,-0.6546488,38.0879158,transit
429818279,0.4,-0.6553811,38.0911056,transit
429818280,0.4,-0.6543462,38.0912578,transit
429818291,0.4,-0.653012,38.0872109,transit
429818294,0.4,-0.6544511,38.0870106,transit
429818303,0.4,-0.6530856,38.084633,transit
429818316,0.4,-0.6564782,38.0943328,transit
429818329,0.4,-0.656488,38.0941938,transit
429818333,0.4,-0.6559924,38.0919339,transit
429818336,0.4,-0.6555785,38.0901363,generator
429818348,0.4,-0.6515464,38.0826392,transit
429818365,0.4,-0.652787,38.0862084,transit
429818395,0.4,-0.6547848,38.0829378,generator
429818399,0.4,-0.6548617,38.0827237,transit
429818401,0.4,-0.6546904,38.0828258,transit
429818402,0.4,-0.6545442,38.0803575,generator
429818411,0.4,-0.6563504,38.0941934,transit
429818412,0.4,-0.655824,38.0935922,transit
429818413,0.4,-0.655099,38.0922545,transit
429818414,0.4,-0.6550261,38.0919187,generator
429818415,0.4,-0.6546527,38.0902663,transit
429818426,0.4,-0.6502337,38.0903929,load
429818427,0.4,-0.6558063,38.0896095,transit
429818428,0.4,-0.655923,38.0900838,transit
429818429,0.4,-0.6563472,38.0918791,transit
429818430,0.4,-0.6569092,38.0941973,generator
429818434,0.4,-0.6467175,38.0909334,transit
429818435,0.4,-0.6484491,38.0906306,transit
429818436,0.4,-0.6488196,38.0905794,transit
429818437,0.4,-0.6527521,38.0900359,transit
429818438,0.4,-0.6532246,38.0899705,transit
429818441,0.4,-0.6453218,38.0978503,load
429818443,0.4,-0.6550523,38.0897385,transit
429818444,0.4,-0.6551815,38.0901902,transit
429818445,0.4,-0.6541364,38.0903394,transit
429818446,0.4,-0.6537156,38.0903991,transit
429818447,0.4,-0.6533372,38.0904527,transit
429818448,0.4,-0.6555804,38.0919975,transit
429818449,0.4,-0.6557981,38.0929102,generator
429818451,0.4,-0.6535999,38.0899182,transit
429818452,0.4,-0.6532922,38.0836479,transit
429818453,0.4,-0.6534801,38.082754,transit
429818454,0.4,-0.652196,38.0826778,generator
429818455,0.4,-0.6524014,38.0826899,transit
429818462,0.4,-0.6547559,38.0930513,load
429818463,0.4,-0.6545494,38.0921485,transit
429818468,0.4,-0.6552755,38.0920406,transit
429818471,0.4,-0.6548489,38.0921062,generator
429818474,0.4,-0.6541183,38.0922111,load
429832200,0.4,-0.6524177,38.0900821,load
429832201,0.4,-0.6540374,38.082787,generator
429832202,0.4,-0.6523752,38.0891448,load
429832203,0.4,-0.6537364,38.084717,transit
429832204,0.4,-0.6534074,38.0862281,load
429832223,0.4,-0.65401,38.0810661,transit
429832224,0.4,-0.6527873,38.0799388,transit
429832232,0.4,-0.6539452,38.0837376,generator
429832234,0.4,-0.6536127,38.0793148,load
429832242,0.4,-0.6534756,38.0909959,load
429832249,0.4,-0.6476292,38.0886155,transit
429887083,0.4,-0.6522287,38.0822356,transit
429887085,0.4,-0.6538433,38.0804171,transit
429887090,0.4,-0.6545674,38.0843363,load
429887094,0.4,-0.6531909,38.0841431,transit
429887096,0.4,-0.6514962,38.0834007,load
429887104,0.4,-0.6491818,38.0861108,generator
429887129,0.4,-0.64866,38.0904555,transit
429887130,0.4,-0.6485406,38.0904724,transit
429887138,0.4,-0.6497023,38.0833333,generator
429887140,0.4,-0.6493843,38.0847852,generator
429887145,0.4,-0.6498814,38.0833621,transit
429887149,0.4,-0.6500618,38.0832044,load
429887151,0.4,-0.6499642,38.0830386,generator
429887154,0.4,-0.6497764,38.083011,transit
429887157,0.4,-0.6496096,38.0831488,generator
429887163,0.4,-0.6498215,38.0836757,transit
429887168,0.4,-0.6523236,38.0811131,generator
429887169,0.4,-0.6509059,38.0801804,transit
429887170,0.4,-0.65035,38.0802968,generator
429887171,0.4,-0.6497017,38.0802689,transit
429887173,0.4,-0.6505301,38.0804319,transit
429887180,0.4,-0.6503814,38.0803572,generator
429887181,0.4,-0.6502993,38.0805079,transit
429887183,0.4,-0.6504726,38.0754729,generator
429887185,0.4,-0.6504515,38.0757116,load
429887186,0.4,-0.6506703,38.0755174,transit
429887187,0.4,-0.6507398,38.0754891,transit
429887191,0.4,-0.6506103,38.0752156,load
429887193,0.4,-0.6504217,38.0753649,generator
429887196,0.4,-0.6522794,38.0835089,load
429887198,0.4,-0.6502238,38.0767853,transit
429887199,0.4,-0.6505054,38.0793011,transit
429887200,0.4,-0.6504939,38.0798576,transit
429887203,0.4,-0.6484716,38.0845422,transit
429887205,0.4,-0.6487095,38.0829255,transit
429887206,0.4,-0.6488903,38.0815475,transit
429887209,0.4,-0.6492649,38.0830924,transit
429887210,0.4,-0.6492796,38.0829594,transit
429887211,0.4,-0.6498016,38.0816572,transit
429887212,0.4,-0.647688,38.0828424,load
429887213,0.4,-0.6478483,38.0814746,load
429887214,0.4,-0.6494599,38.0815956,transit
429887215,0.4,-0.6532284,38.080659,transit
429887216,0.4,-0.6534426,38.080457,transit
429887217,0.4,-0.6531892,38.0803168,generator
429887218,0.4,-0.6530054,38.0804887,generator
429887219,0.4,-0.6523767,38.0805317,load
429887220,0.4,-0.6521936,38.0840174,transit
429896943,0.4,-0.6491353,38.0864355,generator
429896944,0.4,-0.6490851,38.0867451,generator
429896945,0.4,-0.649047,38.087008,generator
429896946,0.4,-0.6490024,38.0873429,generator
429896947,0.4,-0.6489344,38.0877935,generator
429896948,0.4,-0.6488877,38.0882537,generator
429896950,0.4,-0.6475128,38.084381,load
429897012,0.4,-0.6473305,38.0860485,load
429897021,0.4,-0.6473952,38.0856065,load
429897043,0.4,-0.6469528,38.0891029,load
429897079,0.4,-0.6470517,38.0881061,load
429897115,0.4,-0.6471168,38.0876328,load
429897119,0.4,-0.6471671,38.0871671,load
429897122,0.4,-0.6472039,38.0869035,load
429897126,0.4,-0.6472357,38.0866438,load
429897136,0.4,-0.6472841,38.0863461,load
429898011,0.4,-0.6492778,38.0853528,transit
429898012,0.4,-0.6492349,38.0856589,transit
429898018,0.4,-0.6480019,38.0853008,transit
459315362,0.4,-0.6595959,38.1103092,transit
459315366,20.0,-0.6594134,38.1103963,transit
459315370,20.0,-0.6593431,38.1105506,generator
459315374,0.4,-0.6594144,38.1107098,transit
459315384,0.4,-0.6596195,38.110799,transit
459315387,20.0,-0.6597374,38.1107931,transit
459315402,0.4,-0.659927,38.1104219,load
459315430,0.4,-0.6601155,38.1094593,transit
459315531,0.4,-0.6501608,38.0821818,load
459315533,0.4,-0.6503634,38.0811668,load
536979075,0.4,-0.6831433,38.0549519,transit
536979159,0.4,-0.6828506,38.0547689,transit
536979185,0.4,-0.6827301,38.054803,transit
536979239,0.4,-0.6829582,38.0551765,transit
536979266,0.4,-0.6828448,38.0551842,generator
536979359,0.4,-0.6826136,38.054983,generator
536979516,0.4,-0.6829209,38.0559626,generator
536979591,0.4,-0.6776641,38.0516443,transit
536979635,0.4,-0.6775686,38.0516532,load
536979829,0.4,-0.6776204,38.0520444,generator
536986187,0.4,-0.6778471,38.0519678,transit
536986216,0.4,-0.6779003,38.0518322,transit
536986389,0.4,-0.6771025,38.0535687,transit
536986405,0.4,-0.6773279,38.0534244,generator
536986492,0.4,-0.6775671,38.0535388,transit
536986520,0.4,-0.6770979,38.0536529,transit
536986583,0.4,-0.677383,38.053811,load
536986669,0.4,-0.6775887,38.0536286,generator
536986696,0.4,-0.6763918,38.053711,generator
536986715,0.4,-0.6763829,38.0536233,transit
536986780,0.4,-0.6807541,38.0550921,transit
536986998,0.4,-0.680235,38.0551225,transit
536987387,0.4,-0.6776823,38.0552515,transit
537013413,0.4,-0.6835594,38.0615372,transit
537013460,0.4,-0.6834152,38.0615448,generator
537013635,20.0,-0.6891854,38.0625936,transit
537013901,20.0,-0.688743,38.0660549,generator
537013917,20.0,-0.6886326,38.0661378,generator
537014083,20.0,-0.6844891,38.0625662,transit
539170201,0.4,-0.6628994,38.0940844,transit
539170718,0.4,-0.6617071,38.0947391,transit
539170968,0.4,-0.6616468,38.0940784,load
539170988,0.4,-0.6604261,38.0941592,load
539171005,0.4,-0.6611993,38.0945,generator
539171362,0.4,-0.6596538,38.094921,transit
539171394,0.4,-0.6593239,38.0948802,generator
539171867,0.4,-0.6601795,38.0955543,generator
539171881,0.4,-0.6600995,38.0955861,generator
539171902,0.4,-0.6600454,38.0954798,generator
539171939,0.4,-0.6592446,38.0953751,load
539171958,0.4,-0.6604415,38.0952928,transit
539171986,0.4,-0.6604639,38.0959908,generator
539172009,0.4,-0.6604266,38.0959311,transit
539172047,0.4,-0.6593398,38.0962104,load
539172079,0.4,-0.6611246,38.0969742,transit
539172092,0.4,-0.6601682,38.0974531,transit
539172332,0.4,-0.65677,38.0935784,transit
539172409,0.4,-0.6580626,38.0943278,load
539172531,0.4,-0.6574931,38.0942634,transit
539172542,0.4,-0.6568747,38.0946729,generator
539172567,0.4,-0.6573378,38.0949541,load
539172579,0.4,-0.6572851,38.0950552,generator
539172594,0.4,-0.6569719,38.0946188,transit
539172635,0.4,-0.6550698,38.0950189,transit
539172653,0.4,-0.6561876,38.0951026,load
539172671,0.4,-0.6556973,38.0946304,transit
539172711,0.4,-0.6550675,38.0944915,transit
539172768,0.4,-0.6578777,38.0951959,load
539172865,0.4,-0.6577546,38.0966817,transit
539172882,0.4,-0.655532,38.0955114,transit
539172891,0.4,-0.6558545,38.0958536,load
539172929,0.4,-0.6546112,38.0960683,transit
539172970,0.4,-0.6559249,38.0978207,transit
539173028,0.4,-0.6590347,38.098305,load
539173038,0.4,-0.6576471,38.1003554,load
539173072,0.4,-0.6556282,38.1000513,generator
539173094,0.4,-0.6546974,38.1000174,load
539173111,0.4,-0.6558545,38.1031481,transit
539173119,0.4,-0.6557706,38.1013486,transit
539173131,0.4,-0.6546386,38.1013093,load
539173143,0.4,-0.654921,38.1046652,generator
539173155,0.4,-0.6547233,38.1049998,transit
539177710,0.4,-0.6570859,38.0960205,transit
539177712,0.4,-0.6577617,38.0957623,generator
539178163,0.4,-0.6575226,38.0884073,transit
539178223,0.4,-0.6571903,38.0891087,load
539180634,20.0,-0.6630604,38.0907461,transit
539180749,0.4,-0.6603426,38.0922584,load
539180765,0.4,-0.6614281,38.0914973,transit
539182589,0.4,-0.6554961,38.0828693,transit
539182590,0.4,-0.6554761,38.0832258,transit
539182591,0.4,-0.6554737,38.0836371,transit
539182592,0.4,-0.6554614,38.0840144,transit
539182593,0.4,-0.6548126,38.0832154,transit
539182594,0.4,-0.6539812,38.0833768,transit
539182596,0.4,-0.6540154,38.0831042,transit
539182600,0.4,-0.6548523,38.0839988,transit
539182601,0.4,-0.6529561,38.0810915,transit
539182602,0.4,-0.652943,38.0827221,generator
539182603,0.4,-0.6529467,38.0822562,transit
539182604,0.4,-0.6529515,38.0816686,transit
539182605,0.4,-0.6522686,38.0816728,generator
539182606,0.4,-0.652678,38.0840773,transit
539182611,0.4,-0.6527669,38.0835782,transit
539182637,0.4,-0.6554417,38.0847217,transit
539182645,0.4,-0.6544805,38.0847041,generator
539182649,0.4,-0.6554195,38.0850902,transit
539182650,0.4,-0.6544048,38.0850551,transit
539182651,0.4,-0.654771,38.0854263,transit
539182652,0.4,-0.6547994,38.0850674,transit
539182653,0.4,-0.6548081,38.0847108,transit
539182655,0.4,-0.6554536,38.0843629,transit
539182657,0.4,-0.6548261,38.0843545,transit
539182658,0.4,-0.6553971,38.0854365,load
539182663,0.4,-0.6558904,38.0886422,transit
539182664,0.4,-0.6525564,38.0845647,transit
539182665,0.4,-0.6519274,38.0854612,generator
539182666,0.4,-0.6520875,38.0845042,generator
539182667,0.4,-0.6523928,38.0855183,transit
539182670,0.4,-0.6518137,38.0861809,transit
539182674,0.4,-0.6522873,38.0862046,transit
539182680,0.4,-0.6503116,38.0857207,transit
539182682,0.4,-0.6525489,38.0872753,transit
539183270,0.4,-0.6497464,38.0867738,transit
539183271,0.4,-0.6508405,38.0865615,generator
539183274,0.4,-0.6492931,38.0867459,transit
539183275,0.4,-0.6493219,38.0865214,transit
539183276,0.4,-0.6505667,38.0879467,transit
539183277,0.4,-0.6495223,38.087966,generator
539183279,0.4,-0.649126,38.0878946,load
539183280,0.4,-0.6506531,38.087554,transit
539183283,0.4,-0.6495862,38.0876254,load
539183286,0.4,-0.6505029,38.0882561,transit
539183287,0.4,-0.6494439,38.0882934,transit
539185000,0.4,-0.6564925,38.0798197,generator
539185023,20.0,-0.6551299,38.080324,load
539515748,0.4,-0.6487299,38.0750799,transit
539515752,0.4,-0.6495295,38.0754926,transit
539515760,0.4,-0.6497167,38.076863,transit
539515768,0.4,-0.6486497,38.076883,transit
539515770,0.4,-0.6493713,38.0769258,transit
539515784,0.4,-0.649709,38.0785053,load
539515788,0.4,-0.6493314,38.0785396,transit
539515789,0.4,-0.6492256,38.0779718,generator
539516454,0.4,-0.654729,38.0644587,load
539516457,0.4,-0.6546192,38.0649741,load
539516458,0.4,-0.6525814,38.0643029,generator
539516459,0.4,-0.6519404,38.0642454,transit
539516461,0.4,-0.6525675,38.064698,transit
539516462,0.4,-0.6525789,38.0642418,generator
539516463,0.4,-0.6525899,38.0639291,transit
539516467,0.4,-0.6531218,38.0660155,generator
539516468,0.4,-0.6531804,38.0651706,transit
539517179,20.0,-0.65279,38.0698092,generator
539517182,20.0,-0.6520517,38.0695065,generator
539517194,20.0,-0.651614,38.0696186,generator
539517195,20.0,-0.651657,38.0702695,load
539517201,20.0,-0.6517813,38.0697211,generator
539517210,20.0,-0.6495764,38.0698591,load
539517213,20.0,-0.6528388,38.0711283,generator
539526100,0.4,-0.6592109,38.0560725,transit
539526138,0.4,-0.6575849,38.0548176,transit
539526161,0.4,-0.6583077,38.0547472,transit
539526214,0.4,-0.6574176,38.055928,load
539526236,0.4,-0.6601702,38.0573533,transit
539526277,0.4,-0.6594241,38.0589414,transit
539526295,0.4,-0.6596543,38.0592762,load
539526304,0.4,-0.6600728,38.0588518,transit
539526315,0.4,-0.6598868,38.0573793,generator
539526320,0.4,-0.6606692,38.057299,transit
539526326,0.4,-0.6580935,38.0575548,transit
539526327,0.4,-0.6587489,38.0574904,generator
539526328,0.4,-0.6571739,38.0576282,generator
539526331,0.4,-0.659028,38.0574631,transit
539526335,0.4,-0.6582698,38.0575375,transit
539526337,0.4,-0.6581634,38.0585886,generator
539526345,0.4,-0.6581016,38.0592238,generator
539526350,0.4,-0.6572666,38.0584521,transit
539526354,0.4,-0.6572202,38.0586887,generator
539526357,0.4,-0.6571135,38.0592328,generator
539526361,0.4,-0.6571076,38.0593819,transit
539526372,0.4,-0.6575072,38.0593163,load
539526376,0.4,-0.6574297,38.0590717,load
539526379,0.4,-0.6581097,38.0597518,load
539526399,0.4,-0.6574953,38.0597577,load
539526401,0.4,-0.6583804,38.0600788,generator
539526402,0.4,-0.6573402,38.0599188,load
539526404,0.4,-0.6581169,38.0602017,transit
539526406,0.4,-0.6583449,38.0596123,generator
539527471,20.0,-0.6612638,38.0535241,transit
539527479,20.0,-0.6610132,38.0573451,load
539527504,20.0,-0.6593392,38.0622961,transit
539527507,20.0,-0.660193,38.0623039,generator
539527750,0.4,-0.6637891,38.06866,load
539529416,0.4,-0.6722171,38.0688491,transit
539529543,20.0,-0.6700029,38.0704086,generator
539533605,20.0,-0.6550759,38.0707902,transit
539533609,20.0,-0.6528027,38.0705972,generator
539533611,20.0,-0.6529252,38.0721521,generator
539533618,20.0,-0.6529701,38.0729879,generator
539533632,20.0,-0.650085,38.0719447,load
539533635,20.0,-0.6490875,38.0730211,load
539533641,0.4,-0.6552891,38.0764038,transit
539533648,0.4,-0.6520967,38.0757838,generator
539533663,0.4,-0.6517464,38.0771046,load
539533684,0.4,-0.6501821,38.0776259,generator
553328674,20.0,-0.6631243,38.0414564,transit
553328722,20.0,-0.6628619,38.0448136,generator
553328875,20.0,-0.6665315,38.0504824,transit
553329026,20.0,-0.659679,38.0495847,generator
553329210,20.0,-0.6626518,38.0525106,generator
553331459,0.4,-0.6591992,38.0349876,generator
553331462,0.4,-0.6601794,38.0346535,transit
553331463,0.4,-0.6598649,38.0348071,generator
553331720,0.4,-0.6570588,38.0309786,transit
553331795,0.4,-0.6550894,38.0307574,load
553331821,0.4,-0.6580337,38.0326399,load
553331823,0.4,-0.6586258,38.0324213,generator
553331844,0.4,-0.659047,38.0350054,load
553331848,0.4,-0.658636,38.0368912,generator
559010782,20.0,-0.6603942,38.1110288,load
682156326,0.4,-0.6493014,38.0784639,transit
682156329,0.4,-0.6485615,38.0784283,transit
682156681,0.4,-0.6482063,38.0768709,load
682206054,0.4,-0.649638,38.0836237,transit
682206055,0.4,-0.6491581,38.0835666,load
682206060,0.4,-0.6479826,38.0802054,load
682206081,0.4,-0.6504042,38.0801405,generator
682206084,0.4,-0.6506724,38.0801179,transit
682371483,0.4,-0.6493649,38.086196,generator
682371484,0.4,-0.6491721,38.0861824,generator
682371499,0.4,-0.649576,38.084812,load
682371500,0.4,-0.6491924,38.0860413,transit
682371502,0.4,-0.6493869,38.0860453,transit
682371510,0.4,-0.6493434,38.085052,generator
683248941,0.4,-0.6497075,38.0841857,load
683248944,0.4,-0.6502429,38.0842612,transit
683248959,0.4,-0.6504476,38.0885469,load
683249030,0.4,-0.6510659,38.0838506,transit
683288252,0.4,-0.6544821,38.0797916,transit
683288887,0.4,-0.6547335,38.0827524,load
683288917,0.4,-0.6547181,38.0828991,generator
683401219,0.4,-0.6520305,38.0848338,transit
683401223,0.4,-0.651973,38.0851702,transit
683401262,0.4,-0.6513677,38.0850923,transit
683401271,0.4,-0.6513948,38.0847641,transit
683423738,0.4,-0.6546404,38.096394,transit
683423745,0.4,-0.6549433,38.096193,transit
683423806,0.4,-0.6557221,38.0968476,transit
683423809,0.4,-0.6564051,38.096435,transit
683423861,0.4,-0.6574614,38.0953486,transit
683423952,0.4,-0.6542533,38.0949583,transit
683423967,0.4,-0.6550125,38.0942514,transit
683423968,0.4,-0.6543643,38.0943375,generator
683424260,0.4,-0.6565278,38.0942531,transit
683424301,0.4,-0.6563095,38.0942576,generator
683424305,0.4,-0.656352,38.0943286,transit
683462091,0.4,-0.6548107,38.0831308,transit
683462098,0.4,-0.6548423,38.0818283,generator
683462595,0.4,-0.6548816,38.0829369,transit
683462603,0.4,-0.6549553,38.082887,transit
683462608,0.4,-0.6549733,38.0828351,generator
683871935,0.4,-0.6606025,38.0949466,load
683871937,0.4,-0.6565575,38.0918438,load
683888826,0.4,-0.656845,38.0939424,generator
685926588,0.4,-0.6613518,38.0943288,load
685926605,0.4,-0.6538439,38.0842348,transit
685926608,0.4,-0.6576833,38.0934369,transit
730707967,0.4,-0.6827497,38.0514102,load
730707971,0.4,-0.6828359,38.051555,transit
730707977,0.4,-0.6821398,38.0532273,transit
730707978,0.4,-0.6825544,38.0517619,transit
730707985,0.4,-0.6802523,38.0530674,transit
730708001,0.4,-0.6828136,38.0514788,transit
730708002,0.4,-0.684859,38.0512355,generator
730708006,0.4,-0.680353,38.0530614,transit
730708009,0.4,-0.6845389,38.0514563,transit
730708013,0.4,-0.6846527,38.0505549,load
730708024,0.4,-0.6846203,38.0501538,transit
730708025,0.4,-0.6836091,38.0531709,transit
730708029,0.4,-0.680697,38.0533051,load
730708038,0.4,-0.6836194,38.0501615,load
730708043,0.4,-0.684741,38.0516473,transit
730708046,0.4,-0.6848019,38.0505518,generator
730708048,0.4,-0.6823245,38.0515773,load
730708054,0.4,-0.6827982,38.0539097,generator
730708059,0.4,-0.6826473,38.0527683,transit
730708068,0.4,-0.6819958,38.0533632,generator
730708069,0.4,-0.682649,38.0517554,generator
730708072,0.4,-0.6848887,38.0516427,transit
730708079,0.4,-0.6847146,38.0512434,transit
730708080,0.4,-0.6828047,38.0526246,transit
767526705,0.4,-0.6802505,38.0518958,generator
767526714,0.4,-0.6804468,38.051694,load
767526715,0.4,-0.6800309,38.0507758,generator
767526717,0.4,-0.6801468,38.0507695,load
767526720,0.4,-0.6801489,38.0519008,transit
767526724,0.4,-0.6802154,38.0514897,load
767526726,0.4,-0.6799213,38.0517098,transit
767526734,0.4,-0.676143,38.0538947,load
769081183,0.4,-0.6827846,38.0573754,transit
769081189,0.4,-0.6831456,38.0571068,transit
769081191,0.4,-0.6780498,38.0562271,transit
769081194,0.4,-0.6803486,38.0563483,transit
769081196,0.4,-0.67783,38.0565247,transit
769081208,20.0,-0.6834358,38.062346,generator
769081212,0.4,-0.6801574,38.0563582,transit
769081214,0.4,-0.6783162,38.0564546,transit
769081216,20.0,-0.6837848,38.0624492,generator
769081218,0.4,-0.6796996,38.0563816,transit
769081219,0.4,-0.6803419,38.0562395,transit
769081223,20.0,-0.6834565,38.0626227,load
769081233,0.4,-0.6830334,38.0571121,generator
769081235,0.4,-0.6782971,38.0563505,transit
769081241,20.0,-0.6836717,38.0626296,transit
769081245,20.0,-0.6836859,38.0623339,transit
769081253,0.4,-0.6808275,38.0563092,load
769081264,0.4,-0.6779222,38.056258,generator
769081270,0.4,-0.6808206,38.0562293,generator
897948583,0.4,-0.6581493,38.0490551,transit
897948596,0.4,-0.6605144,38.0344219,load
897948636,0.4,-0.65805,38.0493885,load
897948670,0.4,-0.6603514,38.0349184,transit
897948696,0.4,-0.6584518,38.0495121,load
897948891,0.4,-0.6585538,38.0490667,transit
897948916,0.4,-0.6602199,38.0345568,transit
897948947,0.4,-0.6580249,38.0491931,generator
897948981,0.4,-0.6606716,38.0349193,load
897949001,20.0,-0.6586517,38.0493576,generator
910618394,0.4,-0.6582968,38.0852619,load
910618396,0.4,-0.6554008,38.0763915,generator
910618402,0.4,-0.6557698,38.0777784,transit
910618455,0.4,-0.6560264,38.0748042,load
910618462,0.4,-0.6583859,38.0782693,load
910618477,0.4,-0.657793,38.0774162,load
910618481,0.4,-0.6549474,38.0809845,transit
910618494,0.4,-0.6551088,38.0813993,transit
910618518,0.4,-0.657118,38.0784427,generator
910618534,0.4,-0.6561199,38.0787817,generator
910618551,0.4,-0.6585663,38.0856985,transit
910618557,0.4,-0.6554765,38.074915,generator
910618570,0.4,-0.6548298,38.0776778,load
910618576,0.4,-0.6548888,38.0790579,load
910618588,0.4,-0.6566808,38.0764741,transit
910618590,0.4,-0.6552231,38.0809023,load
910618601,0.4,-0.6573098,38.078513,transit
910618617,0.4,-0.6570307,38.07858,transit
910618618,0.4,-0.658298,38.085799,transit
910618631,0.4,-0.6567663,38.0776,generator
910618644,0.4,-0.6550182,38.0748941,load
910618652,0.4,-0.6559262,38.0764233,transit
910618657,0.4,-0.6547468,38.0779616,transit
1185706540,20.0,-0.6585249,38.0853284,generator
1338075467,20.0,-0.6577276,38.0857797,transit
1357168481,0.4,-0.6467354,38.090792,load
1357168485,0.4,-0.6489237,38.0894037,transit
1357168500,0.4,-0.6469078,38.0908494,transit
1357168553,0.4,-0.6557042,38.1000586,generator
1357168598,0.4,-0.6468313,38.0908986,transit
1357168626,0.4,-0.6558372,38.1013458,generator
1357168649,0.4,-0.6544676,38.0976928,transit
1357168651,0.4,-0.6593919,38.0962767,transit
1357168678,0.4,-0.654732,38.1046196,load
1357168698,0.4,-0.6577871,38.0967574,load
1357168711,0.4,-0.6487586,38.0904815,generator
1357168730,0.4,-0.655949,38.1030395,transit
1357168889,0.4,-0.6613931,38.0953847,generator
1390116208,0.4,-0.6554852,38.0812475,load
1405763451,20.0,-0.6671904,38.0470551,load
1434569448,0.4,-0.6583012,38.0528365,load
1434569453,0.4,-0.6585255,38.0532399,transit
1434569470,20.0,-0.6592226,38.0544254,generator
1434569472,0.4,-0.6591331,38.0546633,generator
1434613465,0.4,-0.6551979,38.0642726,load
1434613470,0.4,-0.6505624,38.0658737,load
1434694825,0.4,-0.6688138,38.0883649,generator
1434694826,0.4,-0.6670946,38.0885762,load
1434694827,0.4,-0.6682812,38.0886479,load
1434694828,0.4,-0.6679376,38.088667,load
1434694830,0.4,-0.6708077,38.0888278,load
1434694838,0.4,-0.6702181,38.0888902,generator
1434694842,0.4,-0.6685842,38.0890246,generator
1434694846,0.4,-0.6704844,38.0891605,transit
1434694853,0.4,-0.6703366,38.0891833,generator
1434694859,0.4,-0.6685004,38.0892656,generator
1434694861,0.4,-0.6692268,38.0893854,generator
1434694863,0.4,-0.6675544,38.0893845,transit
1434694870,0.4,-0.6676628,38.0894248,generator
1434694871,0.4,-0.6655397,38.0894642,transit
1434694873,0.4,-0.6684175,38.0895037,generator
1434694876,0.4,-0.667964,38.0895368,generator
1434694877,0.4,-0.6706456,38.0895749,generator
1434694884,0.4,-0.6682355,38.0896378,generator
1434694889,0.4,-0.669138,38.0896817,transit
1434694894,0.4,-0.6712142,38.0898522,load
1434694904,0.4,-0.6703517,38.0899261,transit
1434694905,0.4,-0.6691193,38.089977,generator
1434694906,0.4,-0.6708156,38.0900081,generator
1434694911,0.4,-0.67047,38.0902101,generator
1434694922,0.4,-0.6691068,38.0902675,transit
1434694926,0.4,-0.6700243,38.0903241,transit
1434694936,0.4,-0.6720151,38.0904939,load
1434694944,0.4,-0.6714807,38.0905659,generator
1434694954,0.4,-0.6710535,38.0906235,generator
1434694960,0.4,-0.6730467,38.0908186,load
1434694965,0.4,-0.6716522,38.0909896,generator
1434694969,0.4,-0.6730855,38.0911639,load
1434694972,0.4,-0.6717743,38.0912912,generator
1434694975,20.0,-0.6732625,38.0912613,load
1434694977,0.4,-0.6718089,38.0913767,generator
1434694985,0.4,-0.6718715,38.0915314,generator
1434694986,0.4,-0.6708012,38.0915448,load
1434694987,0.4,-0.6719135,38.0916354,generator
1434694989,0.4,-0.6729693,38.0916972,load
1434694992,0.4,-0.6726951,38.0917472,generator
1434694999,0.4,-0.6719632,38.091758,generator
1434695002,0.4,-0.6707302,38.091819,load
1434695005,0.4,-0.6720094,38.0918722,generator
1434695006,0.4,-0.6727048,38.0919866,load
1434695015,0.4,-0.670827,38.0920476,load
1434695017,0.4,-0.6720839,38.0920562,generator
1434695024,0.4,-0.6710464,38.0923218,load
1434695028,0.4,-0.671311,38.0924386,load
1434988340,0.4,-0.6849876,38.0503269,transit
1434988341,0.4,-0.6865732,38.0512307,transit
1434988342,0.4,-0.685072,38.0514262,transit
1434988349,0.4,-0.6800295,38.053182,transit
1434988365,0.4,-0.6799606,38.0533269,transit
1434988370,0.4,-0.679028,38.0534095,load
1434988373,0.4,-0.6785373,38.053453,load
1434988382,0.4,-0.6799693,38.0534218,generator
1434988385,0.4,-0.6790388,38.0535028,generator
1434988386,0.4,-0.6785527,38.0535449,generator
1434988399,0.4,-0.6826768,38.0538257,transit
1434988416,0.4,-0.6848668,38.0548506,generator
1434988419,0.4,-0.678226,38.0552408,load
1434988427,0.4,-0.6763494,38.0553279,transit
1434988434,0.4,-0.6817054,38.0574159,transit
1434988442,0.4,-0.6800208,38.0574048,transit
1434988443,0.4,-0.681515,38.0574182,transit
1434988459,0.4,-0.680124,38.0574782,generator
1434988461,0.4,-0.6799263,38.0574901,transit
1434988464,0.4,-0.6816158,38.0574952,transit
1434988476,0.4,-0.6800481,38.0575587,load
1434988489,0.4,-0.6845585,38.0582941,transit
1434988490,0.4,-0.6843835,38.0583016,transit
1434988499,0.4,-0.6844713,38.0583716,transit
1434988504,0.4,-0.6817037,38.0583856,load
1434988511,0.4,-0.6818004,38.0584515,generator
1434988513,0.4,-0.6816319,38.05847,transit
1434988523,0.4,-0.6817263,38.0585194,transit
1434988525,0.4,-0.6845999,38.0596651,load
1434988536,0.4,-0.6846876,38.0597251,transit
1434988538,0.4,-0.6845279,38.0597336,generator
1434988550,0.4,-0.6846116,38.0597907,transit
1435304122,0.4,-0.6507975,38.0833054,load
1435304124,0.4,-0.6506748,38.0837938,generator
1435311830,0.4,-0.6547068,38.0961179,generator
1436380764,0.4,-0.6527441,38.0881685,transit
1436380766,0.4,-0.6569222,38.0920179,load
1436380771,0.4,-0.6576295,38.0935003,transit
1436380775,0.4,-0.657563,38.0942713,transit
1436380779,0.4,-0.6608059,38.0953113,transit
1436380780,0.4,-0.6622095,38.0953295,load
1436595466,0.4,-0.6546822,38.0831455,transit
1436595467,0.4,-0.6548955,38.0832155,load
1436595468,0.4,-0.6548523,38.0833097,transit
1436595469,0.4,-0.6546386,38.0834206,transit
1436595470,0.4,-0.6548223,38.0836312,load
1436595473,0.4,-0.6546291,38.0836619,generator
1436595477,0.4,-0.6548114,38.0836827,generator
1436595480,0.4,-0.6545832,38.0838236,generator
1436595485,0.4,-0.6546636,38.0838845,load
1436595495,0.4,-0.6488563,38.0886026,transit
1436595496,0.4,-0.6490016,38.0886261,load
1436595503,0.4,-0.648844,38.088709,transit
1436595504,0.4,-0.6489919,38.0887073,generator
1436595509,0.4,-0.648909,38.0887356,transit
1467595862,20.0,-0.672219,38.1104819,load
1618159530,20.0,-0.6844244,38.0947393,transit
1618159532,20.0,-0.6853985,38.0948056,load
1618159543,20.0,-0.6821472,38.0989875,generator
1618159562,20.0,-0.6774321,38.0958298,generator
1618159563,20.0,-0.6770348,38.0950588,generator
1618159564,20.0,-0.677203,38.0959849,load
1618159565,20.0,-0.6778935,38.0959622,load
1618176633,20.0,-0.6868853,38.0689581,generator
1618176639,20.0,-0.6860418,38.0677021,generator
1618176661,20.0,-0.6851416,38.0697689,load
1628844567,20.0,-0.6843437,38.0825102,transit
1628844616,20.0,-0.6800637,38.088784,generator
1628867750,0.4,-0.6724571,38.0829613,load
1628867753,20.0,-0.6713671,38.0829708,generator
1628867757,20.0,-0.6715525,38.083337,load
1628867769,20.0,-0.672502,38.0810177,transit
1628867784,20.0,-0.6725263,38.0796989,transit
1628867789,20.0,-0.6726633,38.0794182,transit
1628867829,20.0,-0.6713992,38.0771532,load
1628892199,20.0,-0.6688079,38.0876238,generator
1628892202,20.0,-0.6703226,38.087494,load
1628912583,20.0,-0.6688318,38.0624114,generator
1628912643,20.0,-0.6658766,38.0623822,generator
1628912742,20.0,-0.6676916,38.0623884,transit
1628925410,20.0,-0.6712312,38.0599742,generator
1628925419,20.0,-0.671027,38.0572069,load
1628925474,20.0,-0.6749685,38.0606873,transit
1628925475,20.0,-0.6732586,38.0602543,transit
1628925536,20.0,-0.6767073,38.0624839,transit
1628939516,20.0,-0.689109,38.0625927,generator
1628939583,20.0,-0.6856576,38.0677923,transit
1628939694,20.0,-0.6870667,38.0625764,transit
1628943375,20.0,-0.6929919,38.0666452,load
1628943378,20.0,-0.6914101,38.0642748,transit
1628943391,20.0,-0.6887382,38.0542426,load
1629587583,20.0,-0.6588611,38.1072034,transit
1629587810,20.0,-0.662161,38.1004483,generator
1629587832,20.0,-0.6634255,38.0986541,load
1629588313,20.0,-0.6878761,38.1157028,load
1629588315,20.0,-0.6774044,38.1135788,transit
1629588454,20.0,-0.680006,38.1132431,generator
1629588488,20.0,-0.6815017,38.1096699,generator
1629622945,20.0,-0.6789743,38.1051459,transit
1629622949,20.0,-0.6832252,38.1068036,transit
1629623238,20.0,-0.6796833,38.1019264,transit
1629623266,20.0,-0.6835429,38.1032865,load
1629623283,20.0,-0.6878006,38.1044742,transit
1629623287,20.0,-0.6877453,38.1021743,generator
1629623324,20.0,-0.6913123,38.1031011,transit
1629645579,20.0,-0.6858041,38.0992391,generator
1629645581,20.0,-0.6888067,38.098593,transit
1629645604,0.4,-0.6863513,38.0961858,load
1629645690,20.0,-0.6913354,38.1045819,load
1629645691,20.0,-0.6912853,38.1017343,transit
1629645692,20.0,-0.6878072,38.1031709,transit
1629645696,20.0,-0.6790636,38.1080937,load
1629667809,20.0,-0.6791273,38.0940783,load
1629668128,20.0,-0.6841231,38.0902284,transit
1629668168,20.0,-0.6840342,38.0937833,load
1657563052,0.4,-0.6584582,38.0584053,load
1657563060,0.4,-0.6587417,38.0595868,load
1657638319,20.0,-0.6669109,38.0648461,load
1657639793,20.0,-0.6745574,38.0624678,transit
1657708459,0.4,-0.6852915,38.061065,generator
1657708460,0.4,-0.6852407,38.0604553,load
1657708467,0.4,-0.685177,38.0597016,generator
1657708468,0.4,-0.6852311,38.0603194,load
1657708483,0.4,-0.6850981,38.0597058,generator
1657708484,0.4,-0.6850396,38.0590132,load
1657708489,0.4,-0.6806313,38.0585622,transit
1657708490,0.4,-0.680534,38.057459,transit
1657708491,0.4,-0.6811445,38.0585149,transit
1657708492,0.4,-0.6810291,38.0574376,transit
1657732044,0.4,-0.6782555,38.0576347,load
1657732057,0.4,-0.6787482,38.0575913,transit
1657779884,0.4,-0.6817911,38.0561743,generator
1657779886,0.4,-0.6817429,38.0556938,load
1657779887,0.4,-0.6816816,38.0550378,generator
1657779888,0.4,-0.6817272,38.0554998,load
1657779894,0.4,-0.6823353,38.0561434,transit
1657779896,0.4,-0.6822288,38.0550056,transit
1657779901,0.4,-0.6812528,38.0562048,transit
1657779903,0.4,-0.6811507,38.0550683,transit
1657779927,0.4,-0.6778841,38.0557913,transit
1657779940,0.4,-0.6769405,38.0561547,transit
1657779941,0.4,-0.6779124,38.0560994,transit
1657779942,0.4,-0.6778516,38.0555084,transit
1657779945,0.4,-0.6765103,38.0555878,transit
1657805966,0.4,-0.6867893,38.0567763,transit
1657805974,0.4,-0.6867401,38.0562928,load
1657894070,0.4,-0.656866,38.0468605,load
1657894071,0.4,-0.6571935,38.0468951,transit
1657894072,0.4,-0.6582909,38.0470521,generator
1657894126,0.4,-0.6572876,38.0456446,load
1657894130,0.4,-0.6576929,38.0457375,transit
1657894134,0.4,-0.6584658,38.0459203,generator
1657934654,0.4,-0.6588498,38.0442783,transit
1657934685,0.4,-0.6589381,38.0422821,transit
1657934687,0.4,-0.6590559,38.0419801,transit
1657934689,0.4,-0.6591308,38.0414881,transit
1657934691,0.4,-0.6592028,38.041195,transit
1657934708,0.4,-0.6593143,38.040558,transit
1657934716,0.4,-0.6595972,38.039178,generator
1657934720,0.4,-0.6590625,38.0390467,transit
1657934722,0.4,-0.658749,38.0389621,transit
1657934726,0.4,-0.6584204,38.0388742,transit
1657934773,0.4,-0.6586614,38.0419162,transit
1657934779,0.4,-0.6587529,38.0414419,generator
1657934781,0.4,-0.6588094,38.0411474,load
1657934824,0.4,-0.658646,38.0383599,transit
1657934839,0.4,-0.6592919,38.0385329,load
1657934869,0.4,-0.6599034,38.0380141,transit
1657935020,0.4,-0.6585742,38.0365545,load
1657954654,20.0,-0.6587343,38.0487946,load
1657954710,20.0,-0.6652077,38.0427014,load
1657963243,20.0,-0.6656013,38.0457172,generator
1657963348,20.0,-0.6655325,38.0429513,load
1786635065,20.0,-0.656585,38.0622418,generator
1786635069,0.4,-0.6554004,38.0655535,load
1789080501,20.0,-0.6560483,38.061989,transit
1789080504,20.0,-0.6565508,38.062067,transit
1789080511,20.0,-0.6559771,38.0623316,generator
1789080512,20.0,-0.6564387,38.0624121,generator
1789080547,20.0,-0.6552586,38.0679775,generator
1789080548,20.0,-0.6552648,38.0681906,transit
1789080550,0.4,-0.6553817,38.0696167,load
1817536824,20.0,-0.6599576,38.1106321,generator
1817536850,20.0,-0.6590397,38.1103987,load
1954871345,0.4,-0.6557353,38.0878697,load
1955229905,0.4,-0.6581104,38.0894566,transit
1956218773,0.4,-0.6511035,38.0755051,transit
1980119168,0.4,-0.654867,38.0811823,transit
1980119176,0.4,-0.6508101,38.075345,transit
1980119221,0.4,-0.6548142,38.0816475,transit
1997144745,0.4,-0.6602343,38.0956379,transit
1997144764,0.4,-0.6582643,38.0954538,transit
1997144774,0.4,-0.6567917,38.0947248,load
2008184209,20.0,-0.6586386,38.0854964,transit
2008184231,20.0,-0.6589435,38.0852562,load
2028923301,0.4,-0.6637058,38.0932105,load
2028923323,0.4,-0.6647789,38.0960465,transit
2028933768,20.0,-0.6579622,38.0855679,transit
2028933803,20.0,-0.6580643,38.0857246,generator
2029795739,0.4,-0.664896,38.0960321,transit
2029795744,0.4,-0.6643195,38.0941138,load
2191632688,20.0,-0.6655185,38.0634825,transit
2191632689,20.0,-0.6646717,38.0635881,load
2192669086,0.4,-0.6514997,38.0650237,load
2235816548,0.4,-0.6590531,38.0895451,transit
2235816553,0.4,-0.6592258,38.089548,generator
2235816555,0.4,-0.6591348,38.0896998,transit
2235816572,0.4,-0.6591145,38.0895182,generator
2235816575,0.4,-0.6590653,38.08968,load
2235816577,0.4,-0.659254,38.0896145,generator
2261374736,0.4,-0.6514041,38.0865085,load
2270411397,20.0,-0.6894403,38.0675061,load
2270411436,20.0,-0.6899553,38.0633756,load
2270411462,20.0,-0.6890593,38.06678,generator
2270411481,20.0,-0.6891245,38.0634664,generator
2282057802,0.4,-0.6599325,38.0349327,transit
2282057808,0.4,-0.6602959,38.0348884,generator
2282057818,20.0,-0.6589534,38.0493284,transit
2327645446,0.4,-0.6858601,38.0609658,load
2327645473,0.4,-0.6820235,38.0611835,load
2327645500,0.4,-0.6821591,38.0612959,load
2327645543,0.4,-0.6821612,38.0612016,transit
2421502354,20.0,-0.6824979,38.06995,transit
2461024276,20.0,-0.6889713,38.1020762,generator
2482069374,0.4,-0.6575179,38.0952962,transit
2499254512,0.4,-0.6567262,38.059441,transit
2499254544,0.4,-0.6567664,38.0591332,generator
2499254561,0.4,-0.6569909,38.0576164,generator
2499255930,0.4,-0.6565932,38.058841,load
2667952096,0.4,-0.6700832,38.088921,load
2667952101,0.4,-0.6703418,38.0896479,load
2667952102,0.4,-0.6707954,38.0899567,generator
2667952120,0.4,-0.6705829,38.0904811,transit
2667952142,0.4,-0.6691123,38.0893949,load
2667952147,0.4,-0.6701698,38.0896921,load
2667952151,0.4,-0.669958,38.0891954,load
2667952157,0.4,-0.6691893,38.0891473,load
2667952158,0.4,-0.6716122,38.0898571,load
2667952163,0.4,-0.6698515,38.0889458,load
2667952172,0.4,-0.6718857,38.0905113,generator
2667952173,0.4,-0.6701704,38.0892254,load
2667952179,0.4,-0.6633088,38.094516,generator
2667952199,0.4,-0.6689642,38.089865,load
2667952205,0.4,-0.6700642,38.0894445,load
2667952209,0.4,-0.6705185,38.0900835,load
2667952216,0.4,-0.6690254,38.0896202,load
2667966170,0.4,-0.6713601,38.091244,load
2667966174,0.4,-0.6711042,38.0906167,generator
2667966180,0.4,-0.6707287,38.0906673,generator
2667966183,0.4,-0.6708022,38.0913855,load
2837610833,0.4,-0.658018,38.0484005,transit
2837610844,0.4,-0.6580824,38.0484434,transit
2837610846,0.4,-0.65808,38.0483635,transit
2837616895,0.4,-0.6584331,38.046141,generator
2837616896,0.4,-0.6579942,38.0460802,load
2837619746,0.4,-0.6588201,38.0444366,transit
2893176596,0.4,-0.6820385,38.0598998,generator
2942622314,0.4,-0.6505545,38.0752236,transit
3073527634,20.0,-0.6598948,38.0993682,load
3084575492,20.0,-0.6586684,38.0492253,transit
3089600313,0.4,-0.6646623,38.0980174,transit
3673494096,0.4,-0.6550559,38.081385,generator
3673514450,0.4,-0.6533138,38.0816651,load
3673546329,0.4,-0.6488227,38.0886502,generator
3673546330,0.4,-0.649012,38.0886535,generator
3686782639,0.4,-0.6542297,38.0762018,transit
3686782650,0.4,-0.6540951,38.0764633,generator
3686782657,0.4,-0.6542021,38.0766149,load
4189610915,0.4,-0.6580252,38.0853713,load
4191680272,0.4,-0.649375,38.0848457,generator
4229600959,0.4,-0.6848215,38.0610862,transit
4229600961,0.4,-0.6846119,38.061097,transit
4229601890,0.4,-0.6799511,38.05861,load
4229658965,0.4,-0.6856434,38.0596803,generator
4229658966,0.4,-0.6857684,38.0597519,load
4229658967,0.4,-0.6857147,38.059581,load
4229660614,0.4,-0.6781346,38.0607522,load
4306337541,20.0,-0.6703472,38.0624215,transit
4309269269,0.4,-0.6485564,38.0785091,transit
4309269288,0.4,-0.6495736,38.0779615,transit
4309269291,0.4,-0.6496422,38.0779447,transit
4461881272,0.4,-0.6589768,38.038448,transit
4465059753,20.0,-0.6816103,38.0703858,generator
4465060319,0.4,-0.6721725,38.0701405,load
4465060330,0.4,-0.67213,38.0688791,generator
4503857976,0.4,-0.665227,38.0973852,load
4528887123,0.4,-0.6507782,38.0868235,generator
4566073875,20.0,-0.6667566,38.0953401,transit
4566073883,20.0,-0.6669623,38.0950793,transit
4573561460,0.4,-0.6544787,38.0968336,load
4583119336,20.0,-0.6834176,38.0623591,transit
4585262659,0.4,-0.6565081,38.0941759,transit
4697263131,20.0,-0.6583307,38.0797778,transit
4697263137,20.0,-0.6571606,38.0792106,load
4714317293,0.4,-0.6552509,38.0887519,transit
4719942068,0.4,-0.6825226,38.0628519,load
4719942069,20.0,-0.6822597,38.0625416,generator
4859842755,0.4,-0.6857763,38.0610373,transit
4859842999,0.4,-0.6820706,38.0611172,transit
4859843000,0.4,-0.6821274,38.0611784,transit
4859843001,0.4,-0.6822554,38.0612388,generator
4879012263,0.4,-0.6576688,38.0934013,transit
4879012265,0.4,-0.657135,38.0934823,load
4879012925,0.4,-0.6520373,38.0762271,load
4879012988,0.4,-0.651356,38.085366,generator
4889330289,0.4,-0.651018,38.0857473,transit
4900235217,0.4,-0.6544381,38.0941514,load
5282564598,0.4,-0.6568826,38.0947979,transit
5329030850,20.0,-0.661698,38.1054673,generator
5329262015,0.4,-0.6581081,38.0892286,transit
5329263324,0.4,-0.659341,38.0894607,transit
5329263330,0.4,-0.6581331,38.0892786,transit
5329263332,0.4,-0.6590757,38.0893961,load
5334718455,0.4,-0.657847,38.0894075,transit
5334718456,0.4,-0.6584191,38.0895182,transit
5334736717,0.4,-0.6588314,38.0896031,transit
5381121423,0.4,-0.6468271,38.0908247,generator
5580644962,0.4,-0.6673107,38.089684,generator
5580644963,0.4,-0.6666637,38.089231,transit
5580644964,0.4,-0.6657495,38.090096,transit
5580644965,0.4,-0.667064,38.0899872,load
5580644966,0.4,-0.6663901,38.089486,transit
5873427830,20.0,-0.6682639,38.0880629,transit
5890191817,0.4,-0.6561621,38.0909923,load
6402109180,0.4,-0.6670197,38.0894791,transit
6416116966,0.4,-0.672805,38.0692363,generator
6416116979,0.4,-0.6747907,38.0698993,load
6416116981,0.4,-0.6741845,38.0692236,load
6416152713,0.4,-0.6658759,38.0679021,load
6416152715,20.0,-0.6682543,38.068691,transit
6417658949,20.0,-0.6556297,38.06958,load
6418920002,0.4,-0.6591601,38.0368871,generator
6418920003,0.4,-0.6598802,38.0369599,load
6423637896,20.0,-0.6605395,38.06554,transit
6432212167,0.4,-0.6581539,38.0894653,generator
6432212169,0.4,-0.6581857,38.0893342,transit
6444702818,0.4,-0.6533047,38.0820233,load
6444702819,0.4,-0.6533006,38.0822663,transit
6444702820,0.4,-0.6533188,38.0813094,load
6444882655,0.4,-0.6546554,38.0811957,load
6444882662,0.4,-0.6545517,38.0804136,load
6447288441,20.0,-0.6645316,38.0903566,transit
6447288449,20.0,-0.6682017,38.0882296,generator
6447288450,20.0,-0.6683539,38.0882461,transit
6447288452,20.0,-0.668247,38.0881081,transit
6447319434,20.0,-0.6865661,38.0785154,load
6466091295,20.0,-0.6807962,38.0669447,load
6466091296,20.0,-0.6808781,38.0684842,generator
6466091301,20.0,-0.6818716,38.0680476,load
6489976809,0.4,-0.6629979,38.0938154,load
6489999019,20.0,-0.653178,38.0701437,load
6489999020,20.0,-0.6527945,38.0701157,generator
6490030478,20.0,-0.6491058,38.0710861,load
6490033839,20.0,-0.6515878,38.0694275,load
6515141654,20.0,-0.650879,38.0686473,load
6515451326,20.0,-0.6594934,38.1050224,transit
6515929556,20.0,-0.6647309,38.052425,load
6515929559,20.0,-0.6640556,38.0515784,generator
6517813729,0.4,-0.6593817,38.0391254,transit
6517992554,20.0,-0.6873552,38.0620237,load
6517992556,20.0,-0.6887609,38.0617199,generator
6517998037,0.4,-0.6838594,38.0573201,generator
6517998038,0.4,-0.6837801,38.0563811,load
6528880524,0.4,-0.659246,38.0390919,generator
6528880527,0.4,-0.6593022,38.0394836,load
6633920822,0.4,-0.6573579,38.0893187,transit
6633920824,0.4,-0.6571067,38.0892908,generator
6633920825,0.4,-0.6572323,38.0893023,transit
6660557460,0.4,-0.6700465,38.089449,transit
6660557461,0.4,-0.6699399,38.0892001,generator
6684380172,0.4,-0.6537176,38.0798552,transit
6684380173,0.4,-0.6544759,38.0797441,load
6684380174,0.4,-0.6537092,38.0798135,transit
6709876087,0.4,-0.6501398,38.0867918,generator
6709876088,0.4,-0.6501685,38.0865392,load
6744541411,0.4,-0.6549454,38.0827683,transit
6744541413,0.4,-0.6549864,38.0818295,load
6763801346,0.4,-0.6593719,38.0946511,load
6837888654,0.4,-0.6593296,38.0958066,transit
6837888657,0.4,-0.6594188,38.0957136,transit
6838802106,0.4,-0.6524864,38.1082123,load
6838802109,0.4,-0.6526417,38.1083533,transit
6838802110,0.4,-0.6528226,38.1081384,transit
6838802114,0.4,-0.6527512,38.1082241,transit
6943520426,0.4,-0.6503686,38.0837555,generator
6943520428,0.4,-0.6510227,38.0838554,transit
6945999207,0.4,-0.6504261,38.0852201,load
7099468016,0.4,-0.6486529,38.076838,generator
7172224607,0.4,-0.656946,38.0944447,transit
7172224610,0.4,-0.6568532,38.094509,transit
7177251755,0.4,-0.6507755,38.0802512,transit
7177251756,0.4,-0.6507305,38.0801601,transit
7181196339,0.4,-0.6548052,38.0836979,transit
7181196340,0.4,-0.6546651,38.0836331,transit
7196891373,0.4,-0.6493938,38.0847415,load
8651853930,0.4,-0.6650692,38.0990343,transit
8651853945,0.4,-0.6637766,38.1003072,generator
9855647837,0.4,-0.6806985,38.053394,generator
9921085559,0.4,-0.6847382,38.050139,transit
9921085600,0.4,-0.6823491,38.0493201,load
9921085611,0.4,-0.6864414,38.0513468,generator
9921085612,0.4,-0.686375,38.0502572,transit
9921085636,0.4,-0.6801293,38.0514927,generator
9921085761,0.4,-0.6779417,38.0550409,transit
9921085818,0.4,-0.680101,38.0535834,transit
9921085819,0.4,-0.6781491,38.0551014,transit
9921132221,0.4,-0.6865834,38.0514399,load
9921132241,0.4,-0.6865161,38.0501647,load
9921132248,0.4,-0.6865249,38.0503396,transit
9921132307,0.4,-0.6830077,38.0598302,generator
9921132421,0.4,-0.6849042,38.0582827,generator
9921132422,0.4,-0.6849878,38.0581994,load
9921132431,0.4,-0.6850686,38.0583508,load
9921132456,0.4,-0.6843915,38.0572983,generator
9921132457,0.4,-0.6844691,38.0572054,load
9921132466,0.4,-0.6845537,38.0573703,load
9921132476,0.4,-0.6869253,38.054744,generator
9921132477,0.4,-0.6870243,38.0546641,load
9921132484,0.4,-0.6870738,38.0548202,load
9921132527,0.4,-0.6764379,38.0554514,transit
9921132536,0.4,-0.6765715,38.0553169,load
9921132552,0.4,-0.6785452,38.0586385,load
9921132559,0.4,-0.6784597,38.0585885,transit
9921134777,0.4,-0.6819238,38.0599896,load
9921134784,0.4,-0.6819012,38.0598343,load
10701641905,0.4,-0.6805362,38.0560937,transit
10701641906,0.4,-0.6806289,38.0560937,transit
10701643369,20.0,-0.6758349,38.0595965,load
10701643372,20.0,-0.6744964,38.0591604,load
10701643373,20.0,-0.6752461,38.0593769,generator
10701643380,20.0,-0.674942,38.0606297,generator
10703000168,20.0,-0.6641733,38.0573892,load
10717675635,0.4,-0.6497595,38.0793108,transit
10820180433,0.4,-0.6816681,38.1011538,load
10820180452,0.4,-0.6656981,38.0976148,transit
11108213487,0.4,-0.6486976,38.0758224,generator
11108213489,0.4,-0.6482616,38.0758596,load
11159623871,0.4,-0.6569747,38.0577331,transit
11159623874,0.4,-0.6571788,38.0576651,load
